{"cameraMode":{"drawMode":0,"name":"Shaded","section":"Shading Mode"},"sceneLighting":true,"audioPlay":false,"sceneViewState":{"showFog":true,"showMaterialUpdate":false,"showSkybox":true,"showFlares":true,"showImageEffects":true,"showParticleSystems":true},"in2DMode":false,"pivot":{"x":-1.2613717317581177,"y":-1.5294270515441895,"z":0.13387101888656617},"rotation":{"x":-0.6452979445457459,"y":0.007756316103041172,"z":-0.006672595161944628,"w":-0.7639537453651428},"size":7.058281421661377,"orthographic":true}