{"cameraMode":{"drawMode":0,"name":"Shaded","section":"Shading Mode"},"sceneLighting":true,"audioPlay":false,"sceneViewState":{"showFog":true,"showMaterialUpdate":false,"showSkybox":true,"showFlares":true,"showImageEffects":true,"showParticleSystems":true},"in2DMode":false,"pivot":{"x":-1.3127186298370362,"y":-7.290736198425293,"z":5.143107891082764},"rotation":{"x":-0.47784116864204409,"y":0.01982216350734234,"z":-0.01073218509554863,"w":-0.8782084584236145},"size":7.081559658050537,"orthographic":true}